Suite,Scheduler,Threads,Agents,GrainSize,HeavyRatio,HeavyIterations,HeavyLoad,Frames,AvgFrameMs,MinFrameMs,MaxFrameMs,Speedup,Efficiency,ThroughputAgentsPerSec
heavy_parallel,ThreadPool,4,10000,64,0.009999999776,5000,49.99999888,50,3.042215,2.9799,3.2596,1,0.25,3287078.658
heavy_parallel,ThreadPool,8,10000,64,0.009999999776,5000,49.99999888,50,1.778624,1.7298,1.9381,1.710431772,0.2138039715,5622323.774
heavy_parallel,WorkStealing,4,10000,64,0.009999999776,5000,49.99999888,50,3.08336,2.9107,3.5913,1,0.25,3243215.194
heavy_parallel,WorkStealing,8,10000,64,0.009999999776,5000,49.99999888,50,1.681231,1.5905,1.9627,1.833989499,0.2292486874,5948022.61
heavy_parallel,ThreadPool,4,10000,64,0.009999999776,10000,99.99999776,50,6.084148,5.8774,7.1884,1,0.25,1643615.507
heavy_parallel,ThreadPool,8,10000,64,0.009999999776,10000,99.99999776,50,3.513865,3.4124,4.2374,1.73146891,0.2164336137,2845869.15
heavy_parallel,WorkStealing,4,10000,64,0.009999999776,10000,99.99999776,50,6.046497,5.7702,6.9918,1,0.25,1653850.155
heavy_parallel,WorkStealing,8,10000,64,0.009999999776,10000,99.99999776,50,3.279944,3.1488,3.8767,1.843475681,0.2304344602,3048832.541
heavy_parallel,ThreadPool,4,10000,64,0.1000000015,5000,500.0000075,50,27.06118,26.1467,40.9192,1,0.25,369533.0359
heavy_parallel,ThreadPool,8,10000,64,0.1000000015,5000,500.0000075,50,14.000583,13.6965,15.3123,1.932860939,0.2416076173,714255.9706
heavy_parallel,WorkStealing,4,10000,64,0.1000000015,5000,500.0000075,50,26.725151,26.3453,28.5631,1,0.25,374179.3639
heavy_parallel,WorkStealing,8,10000,64,0.1000000015,5000,500.0000075,50,13.980764,13.6098,15.2617,1.911565849,0.2389457311,715268.4932
heavy_parallel,ThreadPool,4,10000,64,0.1000000015,10000,1000.000015,50,53.344539,52.3816,55.2987,1,0.25,187460.6134
heavy_parallel,ThreadPool,8,10000,64,0.1000000015,10000,1000.000015,50,28.241149,27.3232,57.9084,1.888894074,0.2361117593,354093.2417
heavy_parallel,WorkStealing,4,10000,64,0.1000000015,10000,1000.000015,50,53.907262,52.6417,57.4612,1,0.25,185503.7639
heavy_parallel,WorkStealing,8,10000,64,0.1000000015,10000,1000.000015,50,28.65679,27.1891,58.038,1.881134,0.23514175,348957.4373
heavy_parallel,ThreadPool,4,10000,64,0.25,5000,1250,50,68.146217,67.2107,70.1915,1,0.25,146743.2888
heavy_parallel,ThreadPool,8,10000,64,0.25,5000,1250,50,35.192922,34.6897,37.5658,1.936361437,0.2420451796,284148.0455
heavy_parallel,WorkStealing,4,10000,64,0.25,5000,1250,50,68.396579,67.0522,82.0142,1,0.25,146206.1429
heavy_parallel,WorkStealing,8,10000,64,0.25,5000,1250,50,35.692338,34.616,38.5392,1.916281836,0.2395352295,280172.1759
heavy_parallel,ThreadPool,4,10000,64,0.25,10000,2500,50,136.931986,134.3642,166.438,1,0.25,73028.95614
heavy_parallel,ThreadPool,8,10000,64,0.25,10000,2500,50,70.583396,69.5209,75.2734,1.940002802,0.2425003502,141676.3795
heavy_parallel,WorkStealing,4,10000,64,0.25,10000,2500,50,136.688763,132.97,164.8126,1,0.25,73158.90334
heavy_parallel,WorkStealing,8,10000,64,0.25,10000,2500,50,74.367418,70.0177,122.1897,1.838019481,0.2297524351,134467.4895
heavy_parallel,ThreadPool,4,10000,256,0.009999999776,5000,49.99999888,50,3.122115,3.0626,3.3813,1,0.25,3202956.97
heavy_parallel,ThreadPool,8,10000,256,0.009999999776,5000,49.99999888,50,1.834006,1.7885,2.0155,1.702347212,0.2127934014,5452544.866
heavy_parallel,WorkStealing,4,10000,256,0.009999999776,5000,49.99999888,50,2.988683,2.9436,3.0592,1,0.25,3345955.392
heavy_parallel,WorkStealing,8,10000,256,0.009999999776,5000,49.99999888,50,1.673843,1.5854,1.8027,1.785521701,0.2231902126,5974275.963
heavy_parallel,ThreadPool,4,10000,256,0.009999999776,10000,99.99999776,50,6.162344,6.0913,6.2842,1,0.25,1622759.132
heavy_parallel,ThreadPool,8,10000,256,0.009999999776,10000,99.99999776,50,3.621693,3.535,3.9559,1.701509211,0.2126886514,2761139.611
heavy_parallel,WorkStealing,4,10000,256,0.009999999776,10000,99.99999776,50,5.957858,5.8476,6.2443,1,0.25,1678455.579
heavy_parallel,WorkStealing,8,10000,256,0.009999999776,10000,99.99999776,50,3.321788,3.0799,3.4905,1.793569608,0.224196201,3010426.915
heavy_parallel,ThreadPool,4,10000,256,0.1000000015,5000,500.0000075,50,27.36847,27.0231,27.9538,1,0.25,365383.9619
heavy_parallel,ThreadPool,8,10000,256,0.1000000015,5000,500.0000075,50,14.704354,14.4355,15.9763,1.861249396,0.2326561745,680070.6784
heavy_parallel,WorkStealing,4,10000,256,0.1000000015,5000,500.0000075,50,26.977786,26.3973,28.1097,1,0.25,370675.3401
heavy_parallel,WorkStealing,8,10000,256,0.1000000015,5000,500.0000075,50,15.069486,14.4979,15.613,1.790226024,0.223778253,663592.6401
heavy_parallel,ThreadPool,4,10000,256,0.1000000015,10000,1000.000015,50,55.337237,53.9389,76.8208,1,0.25,180710.1428
heavy_parallel,ThreadPool,8,10000,256,0.1000000015,10000,1000.000015,50,29.467138,28.8912,30.6781,1.877930493,0.2347413117,339361.0876
heavy_parallel,WorkStealing,4,10000,256,0.1000000015,10000,1000.000015,50,54.297436,52.7204,71.8009,1,0.25,184170.759
heavy_parallel,WorkStealing,8,10000,256,0.1000000015,10000,1000.000015,50,30.478202,29.1766,33.2042,1.781517033,0.2226896291,328103.3442
heavy_parallel,ThreadPool,4,10000,256,0.25,5000,1250,50,70.274201,69.3057,73.6383,1,0.25,142299.7324
heavy_parallel,ThreadPool,8,10000,256,0.25,5000,1250,50,36.371232,35.7447,39.4856,1.932136943,0.2415171178,274942.57
heavy_parallel,WorkStealing,4,10000,256,0.25,5000,1250,50,70.093379,68.4861,78.0261,1,0.25,142666.8273
heavy_parallel,WorkStealing,8,10000,256,0.25,5000,1250,50,36.462462,35.9867,37.4423,1.92234356,0.240292945,274254.6567
heavy_parallel,ThreadPool,4,10000,256,0.25,10000,2500,50,140.307314,138.2152,142.6421,1,0.25,71272.12199
heavy_parallel,ThreadPool,8,10000,256,0.25,10000,2500,50,72.457664,71.1235,74.9029,1.93640405,0.2420505062,138011.6257
heavy_parallel,WorkStealing,4,10000,256,0.25,10000,2500,50,140.811558,136.9066,180.9761,1,0.25,71016.89763
heavy_parallel,WorkStealing,8,10000,256,0.25,10000,2500,50,73.008956,71.8282,74.6144,1.928688831,0.2410861039,136969.4973
heavy_parallel,ThreadPool,4,10000,1024,0.009999999776,5000,49.99999888,50,3.437993,3.387,3.7164,1,0.25,2908673.752
heavy_parallel,ThreadPool,8,10000,1024,0.009999999776,5000,49.99999888,50,2.471091,2.4338,2.6192,1.391285469,0.1739106836,4046795.525
heavy_parallel,WorkStealing,4,10000,1024,0.009999999776,5000,49.99999888,50,3.435096,3.4001,3.7159,1,0.25,2911126.792
heavy_parallel,WorkStealing,8,10000,1024,0.009999999776,5000,49.99999888,50,2.228063,2.1971,2.4401,1.541740965,0.1927176206,4488203.431
heavy_parallel,ThreadPool,4,10000,1024,0.009999999776,10000,99.99999776,50,6.820336,6.6922,7.2029,1,0.25,1466203.425
heavy_parallel,ThreadPool,8,10000,1024,0.009999999776,10000,99.99999776,50,4.886276,4.7886,5.0616,1.395814727,0.1744768408,2046548.333
heavy_parallel,WorkStealing,4,10000,1024,0.009999999776,10000,99.99999776,50,6.8355,6.7545,7.0794,1,0.25,1462950.772
heavy_parallel,WorkStealing,8,10000,1024,0.009999999776,10000,99.99999776,50,4.451637,4.3566,4.8272,1.535502558,0.1919378197,2246364.652
heavy_parallel,ThreadPool,4,10000,1024,0.1000000015,5000,500.0000075,50,30.137968,29.8014,30.8873,1,0.25,331807.3733
heavy_parallel,ThreadPool,8,10000,1024,0.1000000015,5000,500.0000075,50,19.429881,18.9571,20.1498,1.551114389,0.1938892987,514671.1912
heavy_parallel,WorkStealing,4,10000,1024,0.1000000015,5000,500.0000075,50,30.378468,29.5723,44.5676,1,0.25,329180.5235
heavy_parallel,WorkStealing,8,10000,1024,0.1000000015,5000,500.0000075,50,19.279716,18.8806,20.5,1.575669891,0.1969587363,518679.8395
heavy_parallel,ThreadPool,4,10000,1024,0.1000000015,10000,1000.000015,50,61.108767,59.5603,79.8717,1,0.25,163642.6407
heavy_parallel,ThreadPool,8,10000,1024,0.1000000015,10000,1000.000015,50,40.226389,38.7077,63.3603,1.519121366,0.1898901707,248593.0318
heavy_parallel,WorkStealing,4,10000,1024,0.1000000015,10000,1000.000015,50,61.890082,59.4094,82.7869,1,0.25,161576.7774
heavy_parallel,WorkStealing,8,10000,1024,0.1000000015,10000,1000.000015,50,39.363076,37.9731,46.8971,1.572287745,0.1965359681,254045.1869
heavy_parallel,ThreadPool,4,10000,1024,0.25,5000,1250,50,79.77685,76.7383,100.2702,1,0.25,125349.6472
heavy_parallel,ThreadPool,8,10000,1024,0.25,5000,1250,50,52.449032,51.4942,54.3675,1.521035698,0.1901294623,190661.2881
heavy_parallel,WorkStealing,4,10000,1024,0.25,5000,1250,50,80.959049,77.8016,95.5763,1,0.25,123519.2375
heavy_parallel,WorkStealing,8,10000,1024,0.25,5000,1250,50,53.396483,51.6882,78.9399,1.516186918,0.1895233648,187278.252
heavy_parallel,ThreadPool,4,10000,1024,0.25,10000,2500,50,157.25818,155.3543,161.5124,1,0.25,63589.69689
heavy_parallel,ThreadPool,8,10000,1024,0.25,10000,2500,50,105.25997,103.7683,139.1393,1.493997956,0.1867497445,95002.87716
heavy_parallel,WorkStealing,4,10000,1024,0.25,10000,2500,50,156.628091,155.1577,166.9814,1,0.25,63845.50776
heavy_parallel,WorkStealing,8,10000,1024,0.25,10000,2500,50,102.973655,102.0107,104.5604,1.521050127,0.1901312659,97112.21768
heavy_parallel,ThreadPool,4,10000,4096,0.009999999776,5000,49.99999888,50,4.959449,4.8696,5.6893,1,0.25,2016353.026
heavy_parallel,ThreadPool,8,10000,4096,0.009999999776,5000,49.99999888,50,4.924597,4.8686,5.0503,1.007077127,0.1258846409,2030623.013
heavy_parallel,WorkStealing,4,10000,4096,0.009999999776,5000,49.99999888,50,4.935877,4.8957,5.0369,1,0.25,2025982.414
heavy_parallel,WorkStealing,8,10000,4096,0.009999999776,5000,49.99999888,50,4.926351,4.8322,5.0186,1.001933683,0.1252417103,2029900.021
heavy_parallel,ThreadPool,4,10000,4096,0.009999999776,10000,99.99999776,50,9.853874,9.7231,10.4719,1,0.25,1014829.295
heavy_parallel,ThreadPool,8,10000,4096,0.009999999776,10000,99.99999776,50,9.813655,9.6943,10.5373,1.004098269,0.1255122836,1018988.338
heavy_parallel,WorkStealing,4,10000,4096,0.009999999776,10000,99.99999776,50,9.811722,9.7077,10.0582,1,0.25,1019189.088
heavy_parallel,WorkStealing,8,10000,4096,0.009999999776,10000,99.99999776,50,9.907699,9.7509,10.6856,0.990312887,0.1237891109,1009316.088
heavy_parallel,ThreadPool,4,10000,4096,0.1000000015,5000,500.0000075,50,45.736666,44.7686,47.661,1,0.25,218642.9592
heavy_parallel,ThreadPool,8,10000,4096,0.1000000015,5000,500.0000075,50,45.606193,44.9678,45.959,1.002860861,0.1253576077,219268.4665
heavy_parallel,WorkStealing,4,10000,4096,0.1000000015,5000,500.0000075,50,45.511034,44.822,46.8209,1,0.25,219726.9348
heavy_parallel,WorkStealing,8,10000,4096,0.1000000015,5000,500.0000075,50,45.56651,45.1337,46.5758,0.9987825269,0.1248478159,219459.4232
heavy_parallel,ThreadPool,4,10000,4096,0.1000000015,10000,1000.000015,50,91.093018,89.9492,94.4749,1,0.25,109777.8976
heavy_parallel,ThreadPool,8,10000,4096,0.1000000015,10000,1000.000015,50,91.014216,90.1917,93.7282,1.000865821,0.1251082276,109872.9456
heavy_parallel,WorkStealing,4,10000,4096,0.1000000015,10000,1000.000015,50,90.833263,89.8959,94.0091,1,0.25,110091.8284
heavy_parallel,WorkStealing,8,10000,4096,0.1000000015,10000,1000.000015,50,91.246352,90.082,95.6224,0.9954728163,0.124434102,109593.4224
heavy_parallel,ThreadPool,4,10000,4096,0.25,5000,1250,50,111.204488,109.6335,114.5484,1,0.25,89924.42823
heavy_parallel,ThreadPool,8,10000,4096,0.25,5000,1250,50,110.819784,109.7734,113.1855,1.003471438,0.1254339297,90236.5953
heavy_parallel,WorkStealing,4,10000,4096,0.25,5000,1250,50,111.03587,110.0223,112.8046,1,0.25,90060.9866
heavy_parallel,WorkStealing,8,10000,4096,0.25,5000,1250,50,110.80469,109.4831,113.4808,1.002086374,0.1252607967,90248.88748
heavy_parallel,ThreadPool,4,10000,4096,0.25,10000,2500,50,221.663662,220.0952,226.6666,1,0.25,45113.39346
heavy_parallel,ThreadPool,8,10000,4096,0.25,10000,2500,50,221.865653,219.8714,224.8181,0.9990895797,0.1248861975,45072.32131
heavy_parallel,WorkStealing,4,10000,4096,0.25,10000,2500,50,221.853702,219.8397,226.9418,1,0.25,45074.7493
heavy_parallel,WorkStealing,8,10000,4096,0.25,10000,2500,50,222.438271,220.0578,241.3896,0.9973719945,0.1246714993,44956.29262
heavy_parallel,ThreadPool,4,50000,64,0.009999999776,5000,49.99999888,50,14.592952,14.3664,14.7905,1,0.25,3426311.551
heavy_parallel,ThreadPool,8,50000,64,0.009999999776,5000,49.99999888,50,7.604021,7.4992,7.8141,1.919109903,0.2398887378,6575468.427
heavy_parallel,WorkStealing,4,50000,64,0.009999999776,5000,49.99999888,50,14.624023,14.3528,16.6912,1,0.25,3419031.822
heavy_parallel,WorkStealing,8,50000,64,0.009999999776,5000,49.99999888,50,7.586238,7.3876,7.7473,1.927704219,0.2409630274,6590882.068
heavy_parallel,ThreadPool,4,50000,64,0.009999999776,10000,99.99999776,50,28.780911,28.4884,29.1761,1,0.25,1737262.59
heavy_parallel,ThreadPool,8,50000,64,0.009999999776,10000,99.99999776,50,14.911566,14.7117,15.1875,1.930106536,0.241263317,3353101.881
heavy_parallel,WorkStealing,4,50000,64,0.009999999776,10000,99.99999776,50,28.731428,28.5032,29.0815,1,0.25,1740254.609
heavy_parallel,WorkStealing,8,50000,64,0.009999999776,10000,99.99999776,50,14.900178,14.6464,15.698,1.928260723,0.2410325903,3355664.61
heavy_parallel,ThreadPool,4,50000,64,0.1000000015,5000,500.0000075,50,133.658326,132.3617,134.8119,1,0.25,374088.1806
heavy_parallel,ThreadPool,8,50000,64,0.1000000015,5000,500.0000075,50,68.474506,67.7423,68.9798,1.951942903,0.2439928628,730198.7692
heavy_parallel,WorkStealing,4,50000,64,0.1000000015,5000,500.0000075,50,134.206884,132.934,138.622,1,0.25,372559.1304
heavy_parallel,WorkStealing,8,50000,64,0.1000000015,5000,500.0000075,50,68.645945,68.1012,69.1706,1.955059166,0.2443823958,728375.1429
heavy_parallel,ThreadPool,4,50000,64,0.1000000015,10000,1000.000015,50,267.744075,265.8107,272.4988,1,0.25,186745.4957
heavy_parallel,ThreadPool,8,50000,64,0.1000000015,10000,1000.000015,50,136.842159,135.557,137.8416,1.956590549,0.2445738186,365384.4719
heavy_parallel,WorkStealing,4,50000,64,0.1000000015,10000,1000.000015,50,268.411562,265.9741,282.155,1,0.25,186281.0962
heavy_parallel,WorkStealing,8,50000,64,0.1000000015,10000,1000.000015,50,137.206927,135.2904,140.9427,1.956253725,0.2445317156,364413.0883
heavy_parallel,ThreadPool,4,50000,64,0.25,5000,1250,50,339.091466,337.0251,346.7617,1,0.25,147452.8409
heavy_parallel,ThreadPool,8,50000,64,0.25,5000,1250,50,174.558935,172.0842,180.586,1.942561496,0.2428201871,286436.2114
heavy_parallel,WorkStealing,4,50000,64,0.25,5000,1250,50,338.457075,336.5687,342.1308,1,0.25,147729.2209
heavy_parallel,WorkStealing,8,50000,64,0.25,5000,1250,50,173.871132,172.3882,176.6492,1.946597294,0.2433246617,287569.3016
heavy_parallel,ThreadPool,4,50000,64,0.25,10000,2500,50,677.370642,674.6064,688.5213,1,0.25,73814.83179
heavy_parallel,ThreadPool,8,50000,64,0.25,10000,2500,50,347.842437,344.5016,352.998,1.947349058,0.2434186322,143743.2432
heavy_parallel,WorkStealing,4,50000,64,0.25,10000,2500,50,677.634729,673.5363,710.5516,1,0.25,73786.06476
heavy_parallel,WorkStealing,8,50000,64,0.25,10000,2500,50,347.1263,343.5471,388.369,1.952127306,0.2440159133,144039.7919
heavy_parallel,ThreadPool,4,50000,256,0.009999999776,5000,49.99999888,50,14.489539,14.338,14.6525,1,0.25,3450765.411
heavy_parallel,ThreadPool,8,50000,256,0.009999999776,5000,49.99999888,50,7.490471,7.3873,7.6944,1.934396248,0.241799531,6675147.664
heavy_parallel,WorkStealing,4,50000,256,0.009999999776,5000,49.99999888,50,14.546097,14.4056,14.848,1,0.25,3437348.177
heavy_parallel,WorkStealing,8,50000,256,0.009999999776,5000,49.99999888,50,7.832257,7.6289,8.0882,1.857203741,0.2321504676,6383855.892
heavy_parallel,ThreadPool,4,50000,256,0.009999999776,10000,99.99999776,50,28.705249,28.4848,29.0127,1,0.25,1741841.71
heavy_parallel,ThreadPool,8,50000,256,0.009999999776,10000,99.99999776,50,14.887826,14.4895,15.6688,1.928102129,0.2410127661,3358448.708
heavy_parallel,WorkStealing,4,50000,256,0.009999999776,10000,99.99999776,50,28.868614,28.5306,29.6018,1,0.25,1731984.778
heavy_parallel,WorkStealing,8,50000,256,0.009999999776,10000,99.99999776,50,15.502266,15.0984,15.7844,1.862218981,0.2327773727,3225334.928
heavy_parallel,ThreadPool,4,50000,256,0.1000000015,5000,500.0000075,50,134.192204,132.7761,135.108,1,0.25,372599.8867
heavy_parallel,ThreadPool,8,50000,256,0.1000000015,5000,500.0000075,50,69.239686,68.2154,70.131,1.938082215,0.2422602769,722129.2136
heavy_parallel,WorkStealing,4,50000,256,0.1000000015,5000,500.0000075,50,135.169893,134.0388,140.0664,1,0.25,369904.8574
heavy_parallel,WorkStealing,8,50000,256,0.1000000015,5000,500.0000075,50,69.094124,67.8774,69.9792,1.956315316,0.2445394145,723650.5379
heavy_parallel,ThreadPool,4,50000,256,0.1000000015,10000,1000.000015,50,268.399543,266.7637,273.9972,1,0.25,186289.4379
heavy_parallel,ThreadPool,8,50000,256,0.1000000015,10000,1000.000015,50,138.547098,136.4911,142.4492,1.937244063,0.2421555078,360888.1075
heavy_parallel,WorkStealing,4,50000,256,0.1000000015,10000,1000.000015,50,270.083796,268.1202,274.4605,1,0.25,185127.7298
heavy_parallel,WorkStealing,8,50000,256,0.1000000015,10000,1000.000015,50,138.48987,136.2246,141.5703,1.950206149,0.2437757686,361037.2369
heavy_parallel,ThreadPool,4,50000,256,0.25,5000,1250,50,339.808196,337.4214,352.4593,1,0.25,147141.8306
heavy_parallel,ThreadPool,8,50000,256,0.25,5000,1250,50,174.553978,173.3912,175.7469,1.946722727,0.2433403408,286444.3456
heavy_parallel,WorkStealing,4,50000,256,0.25,5000,1250,50,340.710265,337.808,348.6952,1,0.25,146752.2559
heavy_parallel,WorkStealing,8,50000,256,0.25,5000,1250,50,174.668637,173.4256,176.3895,1.950609284,0.2438261605,286256.3129
heavy_parallel,ThreadPool,4,50000,256,0.25,10000,2500,50,688.723389,675.2574,859.4257,1,0.25,72598.08625
heavy_parallel,ThreadPool,8,50000,256,0.25,10000,2500,50,350.005422,347.1293,354.8983,1.967750628,0.2459688285,142854.9298
heavy_parallel,WorkStealing,4,50000,256,0.25,10000,2500,50,682.194712,678.5586,692.1572,1,0.25,73292.85777
heavy_parallel,WorkStealing,8,50000,256,0.25,10000,2500,50,349.806239,345.0091,357.267,1.950207389,0.2437759236,142936.2728
heavy_parallel,ThreadPool,4,50000,1024,0.009999999776,5000,49.99999888,50,14.651911,14.427,14.8394,1,0.25,3412524.141
heavy_parallel,ThreadPool,8,50000,1024,0.009999999776,5000,49.99999888,50,7.939804,7.6364,9.8301,1.845374395,0.2306717993,6297384.671
heavy_parallel,WorkStealing,4,50000,1024,0.009999999776,5000,49.99999888,50,14.700664,14.4028,14.9649,1,0.25,3401206.911
heavy_parallel,WorkStealing,8,50000,1024,0.009999999776,5000,49.99999888,50,8.023232,7.7832,8.5078,1.832262111,0.2290327639,6231902.555
heavy_parallel,ThreadPool,4,50000,1024,0.009999999776,10000,99.99999776,50,29.279615,28.8882,33.7009,1,0.25,1707672.727
heavy_parallel,ThreadPool,8,50000,1024,0.009999999776,10000,99.99999776,50,15.580542,15.2581,16.4107,1.879242391,0.2349052989,3209130.979
heavy_parallel,WorkStealing,4,50000,1024,0.009999999776,10000,99.99999776,50,29.393664,28.8062,32.0981,1,0.25,1701046.865
heavy_parallel,WorkStealing,8,50000,1024,0.009999999776,10000,99.99999776,50,15.816289,15.4058,16.3265,1.858442521,0.2323053151,3161297.824
heavy_parallel,ThreadPool,4,50000,1024,0.1000000015,5000,500.0000075,50,137.56968,136.4382,139.2619,1,0.25,363452.1793
heavy_parallel,ThreadPool,8,50000,1024,0.1000000015,5000,500.0000075,50,72.424522,71.6444,74.1622,1.899490341,0.2374362926,690373.904
heavy_parallel,WorkStealing,4,50000,1024,0.1000000015,5000,500.0000075,50,137.907399,136.7219,141.2598,1,0.25,362562.1276
heavy_parallel,WorkStealing,8,50000,1024,0.1000000015,5000,500.0000075,50,72.25007,71.0094,73.261,1.908751078,0.2385938848,692040.852
heavy_parallel,ThreadPool,4,50000,1024,0.1000000015,10000,1000.000015,50,275.497248,273.3771,279.0837,1,0.25,181490.0162
heavy_parallel,ThreadPool,8,50000,1024,0.1000000015,10000,1000.000015,50,145.212274,143.766,149.8605,1.897203593,0.2371504491,344323.5108
heavy_parallel,WorkStealing,4,50000,1024,0.1000000015,10000,1000.000015,50,275.60782,273.9413,281.6568,1,0.25,181417.2036
heavy_parallel,WorkStealing,8,50000,1024,0.1000000015,10000,1000.000015,50,155.243868,143.2083,244.0719,1.77532178,0.2219152224,322073.9128
heavy_parallel,ThreadPool,4,50000,1024,0.25,5000,1250,50,352.399212,349.0469,373.6821,1,0.25,141884.5397
heavy_parallel,ThreadPool,8,50000,1024,0.25,5000,1250,50,186.969166,184.848,189.9699,1.884798545,0.2355998181,267423.774
heavy_parallel,WorkStealing,4,50000,1024,0.25,5000,1250,50,351.820445,349.0424,363.3809,1,0.25,142117.9488
heavy_parallel,WorkStealing,8,50000,1024,0.25,5000,1250,50,188.284713,186.0577,195.1111,1.868555548,0.2335694434,265555.2817
heavy_parallel,ThreadPool,4,50000,1024,0.25,10000,2500,50,702.797245,699.175,730.4344,1,0.25,71144.27433
heavy_parallel,ThreadPool,8,50000,1024,0.25,10000,2500,50,374.780872,372.2198,380.6826,1.875221756,0.2344027195,133411.2911
heavy_parallel,WorkStealing,4,50000,1024,0.25,10000,2500,50,703.881721,699.7713,715.2752,1,0.25,71034.6618
heavy_parallel,WorkStealing,8,50000,1024,0.25,10000,2500,50,376.975944,373.5205,385.758,1.867179411,0.2333974263,132634.458
heavy_parallel,ThreadPool,4,50000,4096,0.009999999776,5000,49.99999888,50,14.716459,14.4493,15.232,1,0.25,3397556.437
heavy_parallel,ThreadPool,8,50000,4096,0.009999999776,5000,49.99999888,50,9.796248,9.5888,9.9959,1.502254639,0.1877818298,5103994.917
heavy_parallel,WorkStealing,4,50000,4096,0.009999999776,5000,49.99999888,50,15.673364,15.319,16.4659,1,0.25,3190125.617
heavy_parallel,WorkStealing,8,50000,4096,0.009999999776,5000,49.99999888,50,9.919295,9.6219,10.1865,1.580088504,0.197511063,5040680.815
heavy_parallel,ThreadPool,4,50000,4096,0.009999999776,10000,99.99999776,50,29.263977,28.8425,29.9589,1,0.25,1708585.269
heavy_parallel,ThreadPool,8,50000,4096,0.009999999776,10000,99.99999776,50,19.391694,18.943,19.7238,1.509098535,0.1886373168,2578423.525
heavy_parallel,WorkStealing,4,50000,4096,0.009999999776,10000,99.99999776,50,31.116499,30.7277,31.5769,1,0.25,1606864.577
heavy_parallel,WorkStealing,8,50000,4096,0.009999999776,10000,99.99999776,50,19.732864,19.361,20.4665,1.576887116,0.1971108895,2533844.048
heavy_parallel,ThreadPool,4,50000,4096,0.1000000015,5000,500.0000075,50,139.117409,138.0317,141.1273,1,0.25,359408.6488
heavy_parallel,ThreadPool,8,50000,4096,0.1000000015,5000,500.0000075,50,88.639944,87.6228,91.6343,1.569466346,0.1961832932,564079.7788
heavy_parallel,WorkStealing,4,50000,4096,0.1000000015,5000,500.0000075,50,145.374866,143.9225,146.8554,1,0.25,343938.4082
heavy_parallel,WorkStealing,8,50000,4096,0.1000000015,5000,500.0000075,50,90.937247,87.538,93.8049,1.598628404,0.1998285505,549829.7084
heavy_parallel,ThreadPool,4,50000,4096,0.1000000015,10000,1000.000015,50,278.579787,276.2332,288.5644,1,0.25,179481.7942
heavy_parallel,ThreadPool,8,50000,4096,0.1000000015,10000,1000.000015,50,182.070372,175.0832,271.8674,1.530066556,0.1912583195,274619.0907
heavy_parallel,WorkStealing,4,50000,4096,0.1000000015,10000,1000.000015,50,290.97113,288.4474,299.854,1,0.25,171838.3539
heavy_parallel,WorkStealing,8,50000,4096,0.1000000015,10000,1000.000015,50,180.957728,174.6241,184.9168,1.607950836,0.2009938545,276307.6247
heavy_parallel,ThreadPool,4,50000,4096,0.25,5000,1250,50,352.187326,349.5593,357.3523,1,0.25,141969.9016
heavy_parallel,ThreadPool,8,50000,4096,0.25,5000,1250,50,226.672642,224.9984,228.7576,1.553726656,0.194215832,220582.4204
heavy_parallel,WorkStealing,4,50000,4096,0.25,5000,1250,50,357.005032,354.6445,363.0433,1,0.25,140054.0483
heavy_parallel,WorkStealing,8,50000,4096,0.25,5000,1250,50,224.062308,220.5753,228.2803,1.593329263,0.1991661578,223152.2135
heavy_parallel,ThreadPool,4,50000,4096,0.25,10000,2500,50,702.494258,699.1687,712.2816,1,0.25,71174.95898
heavy_parallel,ThreadPool,8,50000,4096,0.25,10000,2500,50,453.277868,449.1432,458.2372,1.549809306,0.1937261632,110307.6138
heavy_parallel,WorkStealing,4,50000,4096,0.25,10000,2500,50,717.078257,710.0981,776.0374,1,0.25,69727.39657
heavy_parallel,WorkStealing,8,50000,4096,0.25,10000,2500,50,447.485974,440.7525,457.7101,1.602459739,0.2003074673,111735.3457
heavy_parallel,ThreadPool,4,100000,64,0.009999999776,5000,49.99999888,50,29.087014,28.6791,29.4151,1,0.25,3437960.321
heavy_parallel,ThreadPool,8,100000,64,0.009999999776,5000,49.99999888,50,15.067358,14.7845,15.3843,1.930465447,0.2413081809,6636863.609
heavy_parallel,WorkStealing,4,100000,64,0.009999999776,5000,49.99999888,50,29.106586,28.6507,29.6374,1,0.25,3435648.55
heavy_parallel,WorkStealing,8,100000,64,0.009999999776,5000,49.99999888,50,15.050691,14.6825,15.3448,1.933903633,0.2417379541,6644213.213
heavy_parallel,ThreadPool,4,100000,64,0.009999999776,10000,99.99999776,50,57.424119,56.6142,58.4485,1,0.25,1741428.545
heavy_parallel,ThreadPool,8,100000,64,0.009999999776,10000,99.99999776,50,29.528843,28.9336,30.229,1.944678936,0.2430848671,3386519.411
heavy_parallel,WorkStealing,4,100000,64,0.009999999776,10000,99.99999776,50,57.267431,56.2355,58.1495,1,0.25,1746193.225
heavy_parallel,WorkStealing,8,100000,64,0.009999999776,10000,99.99999776,50,29.46548,28.859,30.2285,1.943543122,0.2429428903,3393801.832
heavy_parallel,ThreadPool,4,100000,64,0.1000000015,5000,500.0000075,50,273.867561,270.7942,279.4015,1,0.25,365139.9955
heavy_parallel,ThreadPool,8,100000,64,0.1000000015,5000,500.0000075,50,139.779941,137.8432,142.9327,1.959276553,0.2449095691,715410.2319
heavy_parallel,WorkStealing,4,100000,64,0.1000000015,5000,500.0000075,50,273.180225,271.1027,276.9902,1,0.25,366058.7072
heavy_parallel,WorkStealing,8,100000,64,0.1000000015,5000,500.0000075,50,139.534812,138.164,140.9076,1.957792619,0.2447240774,716667.035
heavy_parallel,ThreadPool,4,100000,64,0.1000000015,10000,1000.000015,50,545.87812,542.3783,553.4283,1,0.25,183191.0757
heavy_parallel,ThreadPool,8,100000,64,0.1000000015,10000,1000.000015,50,279.785283,277.7038,293.8162,1.951060878,0.2438826098,357416.941
heavy_parallel,WorkStealing,4,100000,64,0.1000000015,10000,1000.000015,50,546.008103,543.0334,553.6704,1,0.25,183147.4651
heavy_parallel,WorkStealing,8,100000,64,0.1000000015,10000,1000.000015,50,287.820262,275.5988,380.4559,1.897045396,0.2371306745,347439.0556
heavy_parallel,ThreadPool,4,100000,64,0.25,5000,1250,50,687.084245,677.9312,725.3962,1,0.25,145542.5601
heavy_parallel,ThreadPool,8,100000,64,0.25,5000,1250,50,349.602924,345.3425,356.6781,1.965327513,0.2456659391,286038.7975
heavy_parallel,WorkStealing,4,100000,64,0.25,5000,1250,50,680.191941,677.4046,684.0831,1,0.25,147017.3255
heavy_parallel,WorkStealing,8,100000,64,0.25,5000,1250,50,349.089629,346.7246,356.8594,1.948473643,0.2435592053,286459.3838
heavy_parallel,ThreadPool,4,100000,64,0.25,10000,2500,50,1359.851972,1354.4334,1377.5763,1,0.25,73537.41588
heavy_parallel,ThreadPool,8,100000,64,0.25,10000,2500,50,697.991369,693.1304,713.1896,1.948236085,0.2435295106,143268.2472
heavy_parallel,WorkStealing,4,100000,64,0.25,10000,2500,50,1360.336937,1354.3235,1380.4929,1,0.25,73511.19953
heavy_parallel,WorkStealing,8,100000,64,0.25,10000,2500,50,698.692355,692.0545,783.157,1.946975557,0.2433719446,143124.5086
heavy_parallel,ThreadPool,4,100000,256,0.009999999776,5000,49.99999888,50,29.261949,28.6876,36.7056,1,0.25,3417407.364
heavy_parallel,ThreadPool,8,100000,256,0.009999999776,5000,49.99999888,50,15.175346,14.9389,15.984,1.928255804,0.2410319755,6589635.584
heavy_parallel,WorkStealing,4,100000,256,0.009999999776,5000,49.99999888,50,28.8553,28.5736,29.2363,1,0.25,3465567.851
heavy_parallel,WorkStealing,8,100000,256,0.009999999776,5000,49.99999888,50,15.124302,14.6471,15.4587,1.907876476,0.2384845595,6611875.378
heavy_parallel,ThreadPool,4,100000,256,0.009999999776,10000,99.99999776,50,57.584437,56.6807,58.136,1,0.25,1736580.319
heavy_parallel,ThreadPool,8,100000,256,0.009999999776,10000,99.99999776,50,29.8472,29.2479,30.4067,1.929307841,0.2411634802,3350398.027
heavy_parallel,WorkStealing,4,100000,256,0.009999999776,10000,99.99999776,50,57.116722,56.5058,57.953,1,0.25,1750800.755
heavy_parallel,WorkStealing,8,100000,256,0.009999999776,10000,99.99999776,50,30.130626,29.2703,31.0777,1.895636752,0.236954594,3318882.256
heavy_parallel,ThreadPool,4,100000,256,0.1000000015,5000,500.0000075,50,273.32644,271.4613,277.7267,1,0.25,365862.8854
heavy_parallel,ThreadPool,8,100000,256,0.1000000015,5000,500.0000075,50,140.862302,138.5503,157.7258,1.94038033,0.2425475412,709913.1462
heavy_parallel,WorkStealing,4,100000,256,0.1000000015,5000,500.0000075,50,274.354933,271.7581,278.979,1,0.25,364491.3503
heavy_parallel,WorkStealing,8,100000,256,0.1000000015,5000,500.0000075,50,140.435716,137.5884,142.0222,1.953597994,0.2441997492,712069.5707
heavy_parallel,ThreadPool,4,100000,256,0.1000000015,10000,1000.000015,50,545.827387,542.6693,556.0628,1,0.25,183208.1027
heavy_parallel,ThreadPool,8,100000,256,0.1000000015,10000,1000.000015,50,280.900667,277.0463,290.8618,1.943133111,0.2428916389,355997.7307
heavy_parallel,WorkStealing,4,100000,256,0.1000000015,10000,1000.000015,50,547.963342,544.984,559.0404,1,0.25,182493.9596
heavy_parallel,WorkStealing,8,100000,256,0.1000000015,10000,1000.000015,50,281.276524,277.5552,292.098,1.948130381,0.2435162977,355522.0271
heavy_parallel,ThreadPool,4,100000,256,0.25,5000,1250,50,681.797098,677.8984,693.1366,1,0.25,146671.2022
heavy_parallel,ThreadPool,8,100000,256,0.25,5000,1250,50,349.849059,346.6987,355.7157,1.948832162,0.2436040202,285837.556
heavy_parallel,WorkStealing,4,100000,256,0.25,5000,1250,50,683.937444,679.7058,694.9544,1,0.25,146212.2024
heavy_parallel,WorkStealing,8,100000,256,0.25,5000,1250,50,351.228142,348.0534,366.0638,1.947274043,0.2434092553,284715.2265
heavy_parallel,ThreadPool,4,100000,256,0.25,10000,2500,50,1364.185805,1357.1529,1445.0946,1,0.25,73303.7975
heavy_parallel,ThreadPool,8,100000,256,0.25,10000,2500,50,701.015037,693.9198,724.2589,1.94601504,0.24325188,142650.2924
heavy_parallel,WorkStealing,4,100000,256,0.25,10000,2500,50,1368.861491,1359.9628,1389.171,1,0.25,73053.41019
heavy_parallel,WorkStealing,8,100000,256,0.25,10000,2500,50,701.620784,697.6592,720.5663,1.950999061,0.2438748827,142527.1347
heavy_parallel,ThreadPool,4,100000,1024,0.009999999776,5000,49.99999888,50,29.547563,28.6683,33.6692,1,0.25,3384373.865
heavy_parallel,ThreadPool,8,100000,1024,0.009999999776,5000,49.99999888,50,15.519026,15.1113,16.8096,1.90395731,0.2379946638,6443703.361
heavy_parallel,WorkStealing,4,100000,1024,0.009999999776,5000,49.99999888,50,29.085456,28.6194,29.6963,1,0.25,3438144.48
heavy_parallel,WorkStealing,8,100000,1024,0.009999999776,5000,49.99999888,50,15.392161,14.9761,16.2014,1.889627844,0.2362034805,6496813.54
heavy_parallel,ThreadPool,4,100000,1024,0.009999999776,10000,99.99999776,50,57.800515,57.1764,58.2588,1,0.25,1730088.391
heavy_parallel,ThreadPool,8,100000,1024,0.009999999776,10000,99.99999776,50,30.406236,29.9706,30.9044,1.900942787,0.2376178484,3288799.048
heavy_parallel,WorkStealing,4,100000,1024,0.009999999776,10000,99.99999776,50,57.689807,56.9542,60.1322,1,0.25,1733408.469
heavy_parallel,WorkStealing,8,100000,1024,0.009999999776,10000,99.99999776,50,30.357685,29.5227,30.9907,1.900336175,0.2375420219,3294058.819
heavy_parallel,ThreadPool,4,100000,1024,0.1000000015,5000,500.0000075,50,275.141666,272.8858,281.1085,1,0.25,363449.1331
heavy_parallel,ThreadPool,8,100000,1024,0.1000000015,5000,500.0000075,50,143.553306,141.8797,145.4066,1.916651547,0.2395814434,696605.3432
heavy_parallel,WorkStealing,4,100000,1024,0.1000000015,5000,500.0000075,50,274.480721,272.2252,281.4989,1,0.25,364324.3126
heavy_parallel,WorkStealing,8,100000,1024,0.1000000015,5000,500.0000075,50,143.564287,141.3228,149.0345,1.911901119,0.2389876399,696552.061
heavy_parallel,ThreadPool,4,100000,1024,0.1000000015,10000,1000.000015,50,548.74688,545.3599,556.7715,1,0.25,182233.3824
heavy_parallel,ThreadPool,8,100000,1024,0.1000000015,10000,1000.000015,50,287.29751,283.5614,300.6952,1.910030059,0.2387537574,348071.2381
heavy_parallel,WorkStealing,4,100000,1024,0.1000000015,10000,1000.000015,50,548.284157,544.7108,554.885,1,0.25,182387.1777
heavy_parallel,WorkStealing,8,100000,1024,0.1000000015,10000,1000.000015,50,286.480632,283.0346,292.4444,1.913861168,0.239232646,349063.7371
heavy_parallel,ThreadPool,4,100000,1024,0.25,5000,1250,50,691.124242,686.3488,704.3229,1,0.25,144691.7847
heavy_parallel,ThreadPool,8,100000,1024,0.25,5000,1250,50,363.821601,360.2057,369.1922,1.899623992,0.237452999,274859.9856
heavy_parallel,WorkStealing,4,100000,1024,0.25,5000,1250,50,692.069456,687.4005,698.9091,1,0.25,144494.1676
heavy_parallel,WorkStealing,8,100000,1024,0.25,5000,1250,50,364.298711,360.5595,375.0833,1.899730729,0.2374663412,274500.0105
heavy_parallel,ThreadPool,4,100000,1024,0.25,10000,2500,50,1379.844797,1372.3146,1395.33,1,0.25,72471.91874
heavy_parallel,ThreadPool,8,100000,1024,0.25,10000,2500,50,756.165155,721.3463,893.3588,1.824792888,0.228099111,132246.2419
heavy_parallel,WorkStealing,4,100000,1024,0.25,10000,2500,50,1426.341746,1385.0324,1574.684,1,0.25,70109.42523
heavy_parallel,WorkStealing,8,100000,1024,0.25,10000,2500,50,747.537358,731.8344,818.9901,1.908054134,0.2385067667,133772.5786
heavy_parallel,ThreadPool,4,100000,4096,0.009999999776,5000,49.99999888,50,30.403254,29.2603,48.5532,1,0.25,3289121.618
heavy_parallel,ThreadPool,8,100000,4096,0.009999999776,5000,49.99999888,50,16.612685,16.1551,18.4651,1.830122825,0.2287653531,6019496.547
heavy_parallel,WorkStealing,4,100000,4096,0.009999999776,5000,49.99999888,50,32.638033,30.7754,49.7893,1,0.25,3063910.132
heavy_parallel,WorkStealing,8,100000,4096,0.009999999776,5000,49.99999888,50,18.322483,16.9713,35.4303,1.78131059,0.2226638237,5457775.565
heavy_parallel,ThreadPool,4,100000,4096,0.009999999776,10000,99.99999776,50,60.083758,57.858,91.062,1,0.25,1664343.299
heavy_parallel,ThreadPool,8,100000,4096,0.009999999776,10000,99.99999776,50,34.225198,32.0466,69.6144,1.755541575,0.2194426969,2921823.856
heavy_parallel,WorkStealing,4,100000,4096,0.009999999776,10000,99.99999776,50,61.115794,60.0847,64.3819,1,0.25,1636238.253
heavy_parallel,WorkStealing,8,100000,4096,0.009999999776,10000,99.99999776,50,34.587192,33.8798,36.11,1.767006527,0.2208758158,2891243.672
heavy_parallel,ThreadPool,4,100000,4096,0.1000000015,5000,500.0000075,50,285.765551,280.6002,304.0909,1,0.25,349937.2113
heavy_parallel,ThreadPool,8,100000,4096,0.1000000015,5000,500.0000075,50,159.16555,149.3938,235.8988,1.795398257,0.2244247821,628276.6591
heavy_parallel,WorkStealing,4,100000,4096,0.1000000015,5000,500.0000075,50,296.459406,290.2871,329.3703,1,0.25,337314.3101
heavy_parallel,WorkStealing,8,100000,4096,0.1000000015,5000,500.0000075,50,167.456835,162.4765,203.0169,1.770363127,0.2212953908,597168.8167
heavy_parallel,ThreadPool,4,100000,4096,0.1000000015,10000,1000.000015,50,575.416683,562.4142,661.9281,1,0.25,173787.1059
heavy_parallel,ThreadPool,8,100000,4096,0.1000000015,10000,1000.000015,50,313.818668,299.8159,414.4573,1.833596091,0.2291995114,318655.358
heavy_parallel,WorkStealing,4,100000,4096,0.1000000015,10000,1000.000015,50,592.762586,580.7888,680.208,1,0.25,168701.6056
heavy_parallel,WorkStealing,8,100000,4096,0.1000000015,10000,1000.000015,50,336.966802,327.8799,401.0857,1.759112715,0.2198890894,296765.1395
heavy_parallel,ThreadPool,4,100000,4096,0.25,5000,1250,50,726.082565,709.8784,780.8981,1,0.25,137725.3839
heavy_parallel,ThreadPool,8,100000,4096,0.25,5000,1250,50,393.429935,382.5233,486.2186,1.845519368,0.230689921,254174.8634
heavy_parallel,WorkStealing,4,100000,4096,0.25,5000,1250,50,733.707623,714.7285,805.1168,1,0.25,136294.0726
heavy_parallel,WorkStealing,8,100000,4096,0.25,5000,1250,50,405.407352,395.9808,471.3515,1.809803447,0.2262254308,246665.4823
heavy_parallel,ThreadPool,4,100000,4096,0.25,10000,2500,50,1469.231136,1423.9662,1878.5329,1,0.25,68062.81023
heavy_parallel,ThreadPool,8,100000,4096,0.25,10000,2500,50,787.21509,766.0791,889.7451,1.866365565,0.2332956956,127030.0853
heavy_parallel,WorkStealing,4,100000,4096,0.25,10000,2500,50,1455.685994,1428.7313,1596.736,1,0.25,68696.13393
heavy_parallel,WorkStealing,8,100000,4096,0.25,10000,2500,50,807.536792,789.3794,941.6165,1.802624981,0.2253281226,123833.3671
heavy_parallel,ThreadPool,4,200000,64,0.009999999776,5000,49.99999888,50,57.410306,55.8924,61.3337,1,0.25,3483695.07
heavy_parallel,ThreadPool,8,200000,64,0.009999999776,5000,49.99999888,50,30.834092,29.3827,59.207,1.861910057,0.2327387572,6486326.888
heavy_parallel,WorkStealing,4,200000,64,0.009999999776,5000,49.99999888,50,58.064753,56.1921,75.7129,1,0.25,3444430.393
heavy_parallel,WorkStealing,8,200000,64,0.009999999776,5000,49.99999888,50,30.472077,29.3566,60.8788,1.905506901,0.2381883626,6563385.883
heavy_parallel,ThreadPool,4,200000,64,0.009999999776,10000,99.99999776,50,111.581404,110.1902,112.7361,1,0.25,1792413.367
heavy_parallel,ThreadPool,8,200000,64,0.009999999776,10000,99.99999776,50,58.429148,57.516,61.0957,1.909687336,0.238710917,3422949.108
heavy_parallel,WorkStealing,4,200000,64,0.009999999776,10000,99.99999776,50,111.635428,110.0133,123.8015,1,0.25,1791545.96
heavy_parallel,WorkStealing,8,200000,64,0.009999999776,10000,99.99999776,50,57.607013,56.5354,58.7729,1.937879126,0.2422348907,3471799.519
heavy_parallel,ThreadPool,4,200000,64,0.1000000015,5000,500.0000075,50,553.22412,539.9337,620.163,1,0.25,361517.137
heavy_parallel,ThreadPool,8,200000,64,0.1000000015,5000,500.0000075,50,289.917274,278.617,383.727,1.90821372,0.238526715,689851.961
heavy_parallel,WorkStealing,4,200000,64,0.1000000015,5000,500.0000075,50,544.918339,539.3808,568.4042,1,0.25,367027.4712
heavy_parallel,WorkStealing,8,200000,64,0.1000000015,5000,500.0000075,50,280.242264,275.8326,331.4655,1.944454527,0.2430568159,713668.2281
heavy_parallel,ThreadPool,4,200000,64,0.1000000015,10000,1000.000015,50,1091.2966,1079.3132,1207.0641,1,0.25,183268.2334
heavy_parallel,ThreadPool,8,200000,64,0.1000000015,10000,1000.000015,50,564.044642,553.6071,642.6314,1.934769908,0.2418462385,354581.863
heavy_parallel,WorkStealing,4,200000,64,0.1000000015,10000,1000.000015,50,1088.175805,1077.4634,1133.6638,1,0.25,183793.831
heavy_parallel,WorkStealing,8,200000,64,0.1000000015,10000,1000.000015,50,576.804094,552.2335,714.0739,1.886560474,0.2358200593,346738.1769
heavy_parallel,ThreadPool,4,200000,64,0.25,5000,1250,50,1372.068952,1359.422,1450.1821,1,0.25,145765.2691
heavy_parallel,ThreadPool,8,200000,64,0.25,5000,1250,50,710.026624,698.5677,817.2669,1.932419019,0.2415523773,281679.5783
heavy_parallel,WorkStealing,4,200000,64,0.25,5000,1250,50,1373.177685,1359.181,1482.7254,1,0.25,145647.5751
heavy_parallel,WorkStealing,8,200000,64,0.25,5000,1250,50,706.181412,695.6781,760.1192,1.944511229,0.2430639036,283213.3452
heavy_parallel,ThreadPool,4,200000,64,0.25,10000,2500,50,2762.221193,2709.4515,3070.0285,1,0.25,72405.49761
heavy_parallel,ThreadPool,8,200000,64,0.25,10000,2500,50,1395.40223,1386.1764,1443.4195,1.979516109,0.2474395136,143327.8489
heavy_parallel,WorkStealing,4,200000,64,0.25,10000,2500,50,2798.581946,2708.8746,3039.3105,1,0.25,71464.76461
heavy_parallel,WorkStealing,8,200000,64,0.25,10000,2500,50,1485.886748,1412.4378,1585.9675,1.883442294,0.2354302868,134599.7602
heavy_parallel,ThreadPool,4,200000,256,0.009999999776,5000,49.99999888,50,58.693287,57.1944,66.7726,1,0.25,3407544.716
heavy_parallel,ThreadPool,8,200000,256,0.009999999776,5000,49.99999888,50,31.212533,29.2029,36.2669,1.880439726,0.2350549657,6407682.452
heavy_parallel,WorkStealing,4,200000,256,0.009999999776,5000,49.99999888,50,58.757594,56.8236,67.7653,1,0.25,3403815.343
heavy_parallel,WorkStealing,8,200000,256,0.009999999776,5000,49.99999888,50,31.340578,29.247,39.3171,1.874808882,0.2343511102,6381503.238
heavy_parallel,ThreadPool,4,200000,256,0.009999999776,10000,99.99999776,50,115.918472,112.6945,130.7016,1,0.25,1725350.555
heavy_parallel,ThreadPool,8,200000,256,0.009999999776,10000,99.99999776,50,61.113999,58.2226,85.6299,1.89675809,0.2370947612,3272572.623
heavy_parallel,WorkStealing,4,200000,256,0.009999999776,10000,99.99999776,50,117.8307,113.6908,136.3084,1,0.25,1697350.521
heavy_parallel,WorkStealing,8,200000,256,0.009999999776,10000,99.99999776,50,62.24826,58.9879,87.5556,1.892915561,0.2366144451,3212941.213
heavy_parallel,ThreadPool,4,200000,256,0.1000000015,5000,500.0000075,50,565.441203,550.9331,605.2497,1,0.25,353706.0952
heavy_parallel,ThreadPool,8,200000,256,0.1000000015,5000,500.0000075,50,297.963692,283.8724,343.5835,1.897684913,0.2372106142,671222.7207
heavy_parallel,WorkStealing,4,200000,256,0.1000000015,5000,500.0000075,50,567.912529,554.0757,605.6769,1,0.25,352166.9091
heavy_parallel,WorkStealing,8,200000,256,0.1000000015,5000,500.0000075,50,302.907506,285.1433,359.946,1.8748711,0.2343588875,660267.5604
heavy_parallel,ThreadPool,4,200000,256,0.1000000015,10000,1000.000015,50,1138.07528,1104.6133,1252.7611,1,0.25,175735.2993
heavy_parallel,ThreadPool,8,200000,256,0.1000000015,10000,1000.000015,50,606.474405,579.6256,672.895,1.876542968,0.234567871,329774.8402
heavy_parallel,WorkStealing,4,200000,256,0.1000000015,10000,1000.000015,50,1137.410169,1108.939,1201.6504,1,0.25,175838.0622
heavy_parallel,WorkStealing,8,200000,256,0.1000000015,10000,1000.000015,50,591.535821,573.304,633.4774,1.922808609,0.2403510761,338102.9397
heavy_parallel,ThreadPool,4,200000,256,0.25,5000,1250,50,1418.978807,1376.6863,1512.3924,1,0.25,140946.432
heavy_parallel,ThreadPool,8,200000,256,0.25,5000,1250,50,745.825151,721.008,855.0475,1.90256229,0.2378202862,268159.3665
heavy_parallel,WorkStealing,4,200000,256,0.25,5000,1250,50,1427.749472,1373.1656,1473.5837,1,0.25,140080.5981
heavy_parallel,WorkStealing,8,200000,256,0.25,5000,1250,50,754.451326,717.8103,867.4733,1.892434174,0.2365542718,265093.311
heavy_parallel,ThreadPool,4,200000,256,0.25,10000,2500,50,2800.027073,2719.9453,2954.0436,1,0.25,71427.8808
heavy_parallel,ThreadPool,8,200000,256,0.25,10000,2500,50,1453.233454,1395.7605,1802.8101,1.926756548,0.2408445685,137624.137
heavy_parallel,WorkStealing,4,200000,256,0.25,10000,2500,50,2768.043959,2726.8967,2938.0288,1,0.25,72253.1878
heavy_parallel,WorkStealing,8,200000,256,0.25,10000,2500,50,1444.065164,1403.4928,1857.1968,1.916841447,0.2396051809,138497.9051
heavy_parallel,ThreadPool,4,200000,1024,0.009999999776,5000,49.99999888,50,57.190595,55.964,71.4881,1,0.25,3497078.497
heavy_parallel,ThreadPool,8,200000,1024,0.009999999776,5000,49.99999888,50,30.04495,29.1594,34.283,1.903501088,0.2379376359,6656692.722
heavy_parallel,WorkStealing,4,200000,1024,0.009999999776,5000,49.99999888,50,56.755073,56.0349,61.2849,1,0.25,3523914.065
heavy_parallel,WorkStealing,8,200000,1024,0.009999999776,5000,49.99999888,50,29.867262,28.779,33.985,1.900243584,0.2375304481,6696295.094
heavy_parallel,ThreadPool,4,200000,1024,0.009999999776,10000,99.99999776,50,112.782427,110.5499,125.0252,1,0.25,1773325.91
heavy_parallel,ThreadPool,8,200000,1024,0.009999999776,10000,99.99999776,50,60.240292,57.8008,105.1798,1.872209169,0.2340261461,3320037.028
heavy_parallel,WorkStealing,4,200000,1024,0.009999999776,10000,99.99999776,50,114.048397,111.3274,134.5729,1,0.25,1753641.483
heavy_parallel,WorkStealing,8,200000,1024,0.009999999776,10000,99.99999776,50,58.530424,57.4108,60.0752,1.948531878,0.2435664848,3417026.331
heavy_parallel,ThreadPool,4,200000,1024,0.1000000015,5000,500.0000075,50,550.780254,543.4832,593.7211,1,0.25,363121.224
heavy_parallel,ThreadPool,8,200000,1024,0.1000000015,5000,500.0000075,50,286.458133,278.4064,355.0412,1.92272514,0.2403406426,698182.3065
heavy_parallel,WorkStealing,4,200000,1024,0.1000000015,5000,500.0000075,50,549.704823,543.9754,590.6778,1,0.25,363831.6268
heavy_parallel,WorkStealing,8,200000,1024,0.1000000015,5000,500.0000075,50,285.056487,279.9898,314.8465,1.928406642,0.2410508303,701615.3258
heavy_parallel,ThreadPool,4,200000,1024,0.1000000015,10000,1000.000015,50,1093.081691,1085.2205,1136.6868,1,0.25,182968.9415
heavy_parallel,ThreadPool,8,200000,1024,0.1000000015,10000,1000.000015,50,568.644744,560.7847,657.2675,1.922257618,0.2402822022,351713.4417
heavy_parallel,WorkStealing,4,200000,1024,0.1000000015,10000,1000.000015,50,1099.38238,1088.183,1137.6163,1,0.25,181920.3251
heavy_parallel,WorkStealing,8,200000,1024,0.1000000015,10000,1000.000015,50,568.863658,561.2294,618.3401,1.932593803,0.2415742253,351578.0929
heavy_parallel,ThreadPool,4,200000,1024,0.25,5000,1250,50,1379.683918,1365.0273,1455.8207,1,0.25,144960.7388
heavy_parallel,ThreadPool,8,200000,1024,0.25,5000,1250,50,736.031908,707.0712,842.7008,1.874489276,0.2343111594,271727.3502
heavy_parallel,WorkStealing,4,200000,1024,0.25,5000,1250,50,1394.999508,1369.8084,1468.2967,1,0.25,143369.2262
heavy_parallel,WorkStealing,8,200000,1024,0.25,5000,1250,50,720.747378,711.7366,754.2389,1.935490229,0.2419362787,277489.7365
heavy_parallel,ThreadPool,4,200000,1024,0.25,10000,2500,50,2777.266734,2736.5032,2870.6494,1,0.25,72013.24869
heavy_parallel,ThreadPool,8,200000,1024,0.25,10000,2500,50,1434.112657,1417.3333,1527.1781,1.936575011,0.2420718763,139459.0579
heavy_parallel,WorkStealing,4,200000,1024,0.25,10000,2500,50,2808.057645,2747.3133,2991.4236,1,0.25,71223.60909
heavy_parallel,WorkStealing,8,200000,1024,0.25,10000,2500,50,1555.543111,1436.5363,2149.1129,1.805194356,0.2256492945,128572.4572
heavy_parallel,ThreadPool,4,200000,4096,0.009999999776,5000,49.99999888,50,59.481452,57.225,83.2567,1,0.25,3362392.7
heavy_parallel,ThreadPool,8,200000,4096,0.009999999776,5000,49.99999888,50,34.077851,30.4892,64.3449,1.745457834,0.2181822293,5868914.68
heavy_parallel,WorkStealing,4,200000,4096,0.009999999776,5000,49.99999888,50,60.874217,57.2837,84.993,1,0.25,3285463.204
heavy_parallel,WorkStealing,8,200000,4096,0.009999999776,5000,49.99999888,50,33.846887,29.2475,68.7806,1.798517453,0.2248146816,5908962.913
heavy_parallel,ThreadPool,4,200000,4096,0.009999999776,10000,99.99999776,50,124.237102,112.5922,217.2886,1,0.25,1609825.059
heavy_parallel,ThreadPool,8,200000,4096,0.009999999776,10000,99.99999776,50,65.550248,58.3924,108.9078,1.895295682,0.2369119603,3051094.483
heavy_parallel,WorkStealing,4,200000,4096,0.009999999776,10000,99.99999776,50,120.218136,113.4032,165.9387,1,0.25,1663642.497
heavy_parallel,WorkStealing,8,200000,4096,0.009999999776,10000,99.99999776,50,66.53015,59.1292,117.4409,1.806972267,0.2258715334,3006155.856
heavy_parallel,ThreadPool,4,200000,4096,0.1000000015,5000,500.0000075,50,584.731871,563.4383,675.5914,1,0.25,342037.1112
heavy_parallel,ThreadPool,8,200000,4096,0.1000000015,5000,500.0000075,50,314.348575,301.2363,372.3595,1.86013845,0.2325173062,636236.3819
heavy_parallel,WorkStealing,4,200000,4096,0.1000000015,5000,500.0000075,50,588.639841,573.5775,638.9768,1,0.25,339766.3326
heavy_parallel,WorkStealing,8,200000,4096,0.1000000015,5000,500.0000075,50,322.45452,307.1048,410.0684,1.825497255,0.2281871568,620242.5074
heavy_parallel,ThreadPool,4,200000,4096,0.1000000015,10000,1000.000015,50,1144.875722,1123.1266,1186.0158,1,0.25,174691.45
heavy_parallel,ThreadPool,8,200000,4096,0.1000000015,10000,1000.000015,50,618.121312,598.0416,744.9954,1.852186132,0.2315232665,323561.0812
heavy_parallel,WorkStealing,4,200000,4096,0.1000000015,10000,1000.000015,50,1162.775829,1137.7648,1227.6122,1,0.25,172002.1994
heavy_parallel,WorkStealing,8,200000,4096,0.1000000015,10000,1000.000015,50,643.21256,616.2507,782.4238,1.807762941,0.2259703676,310939.2018
heavy_parallel,ThreadPool,4,200000,4096,0.25,5000,1250,50,1451.164162,1418.126,1580.3711,1,0.25,137820.3826
heavy_parallel,ThreadPool,8,200000,4096,0.25,5000,1250,50,822.376975,767.6051,1155.816,1.764597266,0.2205746583,243197.4704
heavy_parallel,WorkStealing,4,200000,4096,0.25,5000,1250,50,1460.023881,1431.7664,1508.9404,1,0.25,136984.0607
heavy_parallel,WorkStealing,8,200000,4096,0.25,5000,1250,50,816.196349,782.3861,1251.8051,1.788814521,0.2236018151,245039.077
heavy_parallel,ThreadPool,4,200000,4096,0.25,10000,2500,50,2972.767619,2847.4488,3212.3355,1,0.25,67277.37436
heavy_parallel,ThreadPool,8,200000,4096,0.25,10000,2500,50,1580.131487,1536.2725,1754.9551,1.881341928,0.2351677411,126571.7452
heavy_parallel,WorkStealing,4,200000,4096,0.25,10000,2500,50,2891.497838,2859.7513,3079.0368,1,0.25,69168.30349
heavy_parallel,WorkStealing,8,200000,4096,0.25,10000,2500,50,1589.505283,1571.4156,1660.39,1.819118105,0.2273897631,125825.3132
